{
  "id": "2722792",
  "name": "T-mall",
  "font_family": "iconfont",
  "css_prefix_text": "icon-",
  "description": "",
  "glyphs": [
    {
      "icon_id": "6692",
      "name": "满88元包邮",
      "font_class": "man88yuanbaoyou",
      "unicode": "e60a",
      "unicode_decimal": 58890
    },
    {
      "icon_id": "1015",
      "name": "卷纸",
      "font_class": "juanzhi",
      "unicode": "e600",
      "unicode_decimal": 58880
    },
    {
      "icon_id": "2201",
      "name": "母婴",
      "font_class": "muying",
      "unicode": "e601",
      "unicode_decimal": 58881
    },
    {
      "icon_id": "5014",
      "name": "充值",
      "font_class": "chongzhi",
      "unicode": "e602",
      "unicode_decimal": 58882
    },
    {
      "icon_id": "6685",
      "name": "进口商品",
      "font_class": "jinkoushangpin",
      "unicode": "e603",
      "unicode_decimal": 58883
    },
    {
      "icon_id": "6686",
      "name": "粮油副食",
      "font_class": "liangyoufushi",
      "unicode": "e604",
      "unicode_decimal": 58884
    },
    {
      "icon_id": "6688",
      "name": "美容洗护",
      "font_class": "meirongxihu",
      "unicode": "e605",
      "unicode_decimal": 58885
    },
    {
      "icon_id": "2538366",
      "name": "下三角",
      "font_class": "xiasanjiao",
      "unicode": "e61c",
      "unicode_decimal": 58908
    },
    {
      "icon_id": "3447419",
      "name": "手机",
      "font_class": "shouji",
      "unicode": "e792",
      "unicode_decimal": 59282
    },
    {
      "icon_id": "5676440",
      "name": "房子",
      "font_class": "fangzi01",
      "unicode": "e606",
      "unicode_decimal": 58886
    },
    {
      "icon_id": "6279587",
      "name": "购物车",
      "font_class": "gouwuche",
      "unicode": "e69a",
      "unicode_decimal": 59034
    },
    {
      "icon_id": "7648956",
      "name": "导航",
      "font_class": "guidang",
      "unicode": "e607",
      "unicode_decimal": 58887
    },
    {
      "icon_id": "10164537",
      "name": "购物车",
      "font_class": "gouwuche1",
      "unicode": "e608",
      "unicode_decimal": 58888
    },
    {
      "icon_id": "18261805",
      "name": "面性剪刀图标",
      "font_class": "mianxingjiandaotubiao",
      "unicode": "e6a6",
      "unicode_decimal": 59046
    },
    {
      "icon_id": "18666405",
      "name": "饮品",
      "font_class": "yinliao",
      "unicode": "e609",
      "unicode_decimal": 58889
    },
    {
      "icon_id": "22564803",
      "name": "圈1",
      "font_class": "quan1",
      "unicode": "e69d",
      "unicode_decimal": 59037
    }
  ]
}
